{"code": 0, "data": [[[99.68426513671875, 111.53591918945312, 139.18820190429688], [4.986288070678711, 180.90440368652344, 275.1893310546875], [196.46363830566406, 23.805213928222656, 262.52947998046875]], [[128.0957489013672, 138.24391174316406, 141.51956176757812], [36.26750183105469, 208.8302459716797, 278.85498046875], [227.21067810058594, 51.31648635864258, 263.56756591796875]], [[150.9792022705078, 163.93106079101562, 143.62855529785156], [60.85643005371094, 235.88963317871094, 281.38092041015625], [251.49278259277344, 78.08343505859375, 265.29638671875]], [[161.65499877929688, 177.2138214111328, 148.91610717773438], [72.23968505859375, 250.73606872558594, 286.30377197265625], [263.14923095703125, 93.17872619628906, 271.03472900390625]], [[173.7281036376953, 195.07203674316406, 152.59689331054688], [88.67135620117188, 274.20703125, 289.62994384765625], [280.67254638671875, 117.95660400390625, 274.6229248046875]], [[182.5911102294922, 207.50917053222656, 147.59117126464844], [104.31513977050781, 294.30426025390625, 284.00341796875], [297.33990478515625, 139.4384307861328, 267.84820556640625]], [[190.83294677734375, 223.60850524902344, 143.9120635986328], [118.87971496582031, 317.7342834472656, 278.90228271484375], [313.8550109863281, 165.5223846435547, 261.1002197265625]], [[196.99615478515625, 233.22129821777344, 137.5077667236328], [130.20956420898438, 334.1466064453125, 270.20367431640625], [326.01275634765625, 183.078857421875, 251.81997680664062]], [[205.7717742919922, 239.19236755371094, 133.65475463867188], [142.19989013671875, 345.61639404296875, 263.57373046875], [337.8622741699219, 194.211669921875, 246.5364227294922]], [[212.57823181152344, 242.8618621826172, 132.03819274902344], [149.8837432861328, 351.59228515625, 260.4415283203125], [345.9918212890625, 200.65345764160156, 244.41209411621094]], [[212.2986297607422, 239.7892608642578, 131.49752807617188], [149.33421325683594, 348.0587463378906, 260.12469482421875], [345.38800048828125, 197.07179260253906, 243.9739227294922]], [[203.18565368652344, 225.23866271972656, 138.09716796875], [136.2532196044922, 327.6832275390625, 269.5191650390625], [331.4501037597656, 175.58169555664062, 253.3979949951172]], [[191.33863830566406, 214.0203094482422, 141.9629364013672], [119.22010803222656, 308.8294677734375, 276.35601806640625], [313.1658630371094, 155.1593017578125, 259.93939208984375]], [[184.1231689453125, 202.2923126220703, 144.1449737548828], [103.82899475097656, 286.0288391113281, 281.25933837890625], [296.6973571777344, 131.06455993652344, 264.5321044921875]], [[168.99334716796875, 180.75350952148438, 150.33636474609375], [79.47112274169922, 252.31056213378906, 288.623046875], [270.8843688964844, 95.66433715820312, 271.28912353515625]], [[156.2378692626953, 159.21693420410156, 148.019775390625], [57.57276916503906, 219.05337524414062, 285.63507080078125], [248.0070343017578, 61.37070083618164, 267.42291259765625]], [[140.67526245117188, 145.12442016601562, 141.64532470703125], [34.45024871826172, 196.02056884765625, 277.18927001953125], [224.5347900390625, 37.975406646728516, 258.83050537109375]], [[137.9171600341797, 137.46224975585938, 136.66917419433594], [25.35981559753418, 182.3554229736328, 269.17657470703125], [215.61683654785156, 24.33169937133789, 252.4581756591797]], [[128.3411407470703, 130.1013641357422, 134.47598266601562], [10.99467658996582, 171.78684997558594, 263.83599853515625], [200.27003479003906, 12.355281829833984, 249.37013244628906]], [[120.76731872558594, 121.41084289550781, 129.24642944335938], [0.5, 161.58815002441406, 256.3810119628906], [188.6430206298828, 0.6872482299804688, 243.4823455810547]], [[126.50762939453125, 121.94734191894531, 126.50896453857422], [4.807126998901367, 161.3487091064453, 252.51792907714844], [193.07179260253906, 0.5, 240.74212646484375]], [[138.30715942382812, 130.4748077392578, 129.95028686523438], [18.175844192504883, 172.42369079589844, 256.656494140625], [206.63197326660156, 11.710922241210938, 245.97421264648438]], [[158.62001037597656, 163.0305938720703, 140.4418182373047], [46.071441650390625, 214.05494689941406, 270.784423828125], [234.7829132080078, 53.56308364868164, 260.74627685546875]], [[173.49842834472656, 183.9065704345703, 142.07736206054688], [67.52127838134766, 240.5697479248047, 275.56378173828125], [257.0274963378906, 81.15582275390625, 263.4234619140625]], [[198.63023376464844, 211.09127807617188, 150.0102996826172], [97.28462982177734, 271.9582214355469, 285.24481201171875], [287.7308654785156, 113.74185180664062, 271.86444091796875]], [[221.08868408203125, 237.3332977294922, 150.52284240722656], [122.48233032226562, 301.3668212890625, 286.3258056640625], [312.6659851074219, 142.8374481201172, 272.7928466796875]], [[247.1562042236328, 266.2436218261719, 159.88572692871094], [149.6915740966797, 333.8069763183594, 294.8092041015625], [339.4408874511719, 174.55162048339844, 283.75775146484375]], [[275.0263671875, 295.0858154296875, 165.3097381591797], [178.9429473876953, 365.6229248046875, 299.7037353515625], [368.4273376464844, 205.9471435546875, 290.2086181640625]], [[307.4751892089844, 327.173583984375, 170.007568359375], [213.86119079589844, 401.1351318359375, 304.3037109375], [402.99407958984375, 241.00733947753906, 295.39154052734375]], [[346.0123291015625, 364.61151123046875, 173.94300842285156], [255.13706970214844, 441.644287109375, 308.39361572265625], [444.9621887207031, 282.3482666015625, 299.2862548828125]], [[381.6272277832031, 396.4493713378906, 184.96690368652344], [294.4246826171875, 477.7222900390625, 319.35650634765625], [484.9436340332031, 319.260986328125, 310.0179443359375]], [[421.84747314453125, 434.66107177734375, 187.2790069580078], [340.8523254394531, 521.6864624023438, 321.9366455078125], [531.6663818359375, 363.7325439453125, 310.4595947265625]], [[459.6636047363281, 467.7604675292969, 188.49830627441406], [384.9693603515625, 561.1187744140625, 322.54730224609375], [575.5398559570312, 402.99407958984375, 309.48614501953125]], [[483.1699523925781, 486.05816650390625, 190.57139587402344], [412.7487487792969, 584.0364990234375, 323.6099853515625], [602.5816650390625, 425.0628967285156, 310.05889892578125]], [[495.2109680175781, 502.9464111328125, 195.1340789794922], [426.5990295410156, 602.8121337890625, 327.726806640625], [615.9465942382812, 443.266357421875, 313.97393798828125]], [[518.2202758789062, 523.3484497070312, 200.03871154785156], [452.4488830566406, 625.0687866210938, 332.66107177734375], [641.4452514648438, 465.27630615234375, 317.08355712890625]], [[534.2755126953125, 537.4439086914062, 199.5856475830078], [471.5469970703125, 641.174560546875, 332.11639404296875], [659.7713623046875, 480.65106201171875, 314.82586669921875]], [[544.5337524414062, 552.0911865234375, 199.02284240722656], [483.3911437988281, 657.1602783203125, 331.24420166015625], [671.6624755859375, 496.77642822265625, 313.18255615234375]], [[544.1149291992188, 550.9132080078125, 199.03192138671875], [482.8445129394531, 655.7314453125, 331.39373779296875], [670.8812866210938, 495.07196044921875, 313.32830810546875]], [[532.245361328125, 531.8544311523438, 199.8929901123047], [467.6197204589844, 632.1229858398438, 334.18792724609375], [655.1973876953125, 470.96771240234375, 315.80108642578125]], [[525.8955078125, 518.1929931640625, 203.34173583984375], [456.5722351074219, 612.5673828125, 339.55126953125], [644.230712890625, 451.54443359375, 320.87408447265625]], [[510.9409484863281, 502.5426025390625, 208.85317993164062], [436.2739562988281, 590.5609130859375, 346.478515625], [623.4650268554688, 428.97796630859375, 327.96026611328125]], [[497.4081115722656, 490.5548095703125, 210.67117309570312], [414.7383117675781, 569.5736694335938, 349.186279296875], [602.2703247070312, 408.34844970703125, 331.1181640625]], [[479.3381652832031, 471.813720703125, 208.4913330078125], [387.33123779296875, 540.5361938476562, 346.6114501953125], [574.2581176757812, 378.5572509765625, 329.14337158203125]], [[461.9738464355469,