{"code": 0, "data": [[[1287.0958251953125, 1052.533935546875, 237.19235229492188], [1193.94873046875, 1144.476318359375, 360.2621765136719], [1392.0880126953125, 995.7506103515625, 371.4618225097656]], [[1290.6861572265625, 1056.054931640625, 236.0877685546875], [1198.287841796875, 1148.45361328125, 359.3800354003906], [1396.117431640625, 999.2747192382812, 370.0141296386719]], [[1291.381591796875, 1058.361328125, 235.1075439453125], [1198.6422119140625, 1150.54296875, 358.3062744140625], [1396.5682373046875, 1001.5105590820312, 369.1961975097656]], [[1292.67822265625, 1060.910888671875, 234.4451904296875], [1200.04736328125, 1153.339599609375, 357.5404357910156], [1398.1580810546875, 1004.5587768554688, 368.51397705078125]], [[1293.9669189453125, 1065.72607421875, 233.2166748046875], [1201.8043212890625, 1158.47900390625, 356.41943359375], [1399.7027587890625, 1009.3944702148438, 367.09222412109375]], [[1295.4034423828125, 1071.523193359375, 231.75503540039062], [1203.8470458984375, 1164.857666015625, 354.9705810546875], [1401.793212890625, 1015.8172607421875, 365.37420654296875]], [[1296.5823974609375, 1075.43408203125, 231.55984497070312], [1205.0653076171875, 1168.37841796875, 355.09912109375], [1403.5965576171875, 1020.0719604492188, 364.8228454589844]], [[1295.4395751953125, 1076.951904296875, 231.83187866210938], [1203.063720703125, 1168.5703125, 355.72198486328125], [1402.0941162109375, 1020.912109375, 365.0998229980469]], [[1292.76416015625, 1074.444580078125, 233.7730712890625], [1200.872802734375, 1166.223388671875, 357.9044494628906], [1397.7230224609375, 1015.6664428710938, 367.20751953125]], [[1284.1710205078125, 1066.82421875, 236.84896850585938], [1194.0770263671875, 1160.425048828125, 360.93743896484375], [1385.048095703125, 1002.5161743164062, 370.8798828125]], [[1274.4478759765625, 1060.85888671875, 238.8568115234375], [1186.9554443359375, 1157.540771484375, 362.44342041015625], [1369.7208251953125, 990.295654296875, 373.837890625]], [[1267.5230712890625, 1055.897216796875, 239.52798461914062], [1182.4674072265625, 1155.697265625, 362.3346252441406], [1357.3851318359375, 980.3878784179688, 375.5395202636719]], [[1263.2423095703125, 1050.27001953125, 239.99810791015625], [1180.76025390625, 1152.7978515625, 362.31219482421875], [1349.8193359375, 971.908447265625, 376.52606201171875]], [[1253.1507568359375, 1037.3990478515625, 242.50863647460938], [1171.6541748046875, 1141.096435546875, 364.496826171875], [1336.95849609375, 956.8305053710938, 379.4792785644531]], [[1241.0433349609375, 1021.2409057617188, 245.87451171875], [1160.9881591796875, 1125.8828125, 368.010498046875], [1321.55810546875, 937.469482421875, 382.8990478515625]], [[1229.1788330078125, 1005.0883178710938, 248.09994506835938], [1148.385986328125, 1109.133544921875, 370.2599182128906], [1308.7637939453125, 920.5609741210938, 385.2034606933594]], [[1213.267333984375, 988.7679443359375, 250.97323608398438], [1130.5020751953125, 1090.738525390625, 373.5614013671875], [1293.7220458984375, 904.5629272460938, 387.76708984375]], [[1197.8128662109375, 975.2333984375, 253.49050903320312], [1110.84423828125, 1073.442138671875, 376.2400817871094], [1280.8819580078125, 893.4519653320312, 390.19207763671875]], [[1186.6397705078125, 964.746826171875, 255.46759033203125], [1094.8218994140625, 1058.69775390625, 378.0182800292969], [1273.8719482421875, 887.6997680664062, 392.3262634277344]], [[1176.490966796875, 953.4134521484375, 256.0595703125], [1077.755859375, 1039.88134765625, 378.7405700683594], [1267.8236083984375, 881.204833984375, 392.8816833496094]], [[1169.1485595703125, 942.7876586914062, 256.04595947265625], [1063.30810546875, 1020.5984497070312, 378.5990295410156], [1263.2374267578125, 874.5730590820312, 393.0498046875]], [[1164.3778076171875, 932.5093383789062, 256.4773864746094], [1052.092529296875, 1001.290771484375, 378.6948547363281], [1261.1029052734375, 868.6557006835938, 393.7470703125]], [[1161.11279296875, 923.1279907226562, 257.3774719238281], [1046.8963623046875, 988.8258056640625, 379.5018005371094], [1260.0341796875, 862.9533081054688, 394.7440185546875]], [[1154.03759765625, 910.6029052734375, 257.6213073730469], [1040.637939453125, 977.9296264648438, 379.6196594238281], [1252.5313720703125, 850.0028076171875, 395.1081237792969]], [[1140.8135986328125, 894.4248046875, 257.65740966796875], [1028.2315673828125, 964.1795654296875, 379.0473327636719], [1237.33203125, 831.8744506835938, 395.67071533203125]], [[1124.1483154296875, 876.0401611328125, 257.2464904785156], [1011.6032104492188, 947.115478515625, 377.9024963378906], [1218.6015625, 811.7171630859375, 395.872314453125]], [[1106.9801025390625, 856.3937377929688, 256.9053955078125], [993.8587036132812, 927.678955078125, 376.8968505859375], [1199.50341796875, 790.3921508789062, 396.0428161621094]], [[1086.886474609375, 833.2883911132812, 255.67510986328125], [972.7619018554688, 904.798583984375, 374.57781982421875], [1176.9998779296875, 765.7030639648438, 395.63153076171875]], [[1068.8228759765625, 810.0089111328125, 254.5653076171875], [954.8042602539062, 881.1849975585938, 373.7696838378906], [1157.343505859375, 739.5225830078125, 394.10662841796875]], [[1052.302490234375, 789.4732055664062, 252.56961059570312], [939.3416137695312, 860.9102172851562, 372.62188720703125], [1139.032958984375, 715.022705078125, 391.1731872558594]], [[1026.0531005859375, 763.2080078125, 250.45730590820312], [914.7001342773438, 836.449951171875, 370.9234619140625], [1109.220703125, 683.6069946289062, 388.380615234375]], [[1001.0313110351562, 742.7896728515625, 248.58615112304688], [893.3803100585938, 820.5359497070312, 369.5934143066406], [1078.9451904296875, 656.8016967773438, 385.74114990234375]], [[980.039306640625, 727.0146484375, 247.07568359375], [877.90087890625, 809.57666015625, 369.6612243652344], [1052.162353515625, 633.589599609375, 382.5231628417969]], [[968.148193359375, 722.7103271484375, 247.8018798828125], [872.8182983398438, 811.092041015625, 371.8052978515625], [1035.36083984375, 624.0665893554688, 382.06982421875]], [[955.3140258789062, 721.697509765625, 247.905517578125], [867.0093383789062, 816.3622436523438, 372.4721374511719], [1015.9605102539062, 618.2913208007812, 381.7157287597656]], [[942.0231323242188, 723.0856323242188, 247.21859741210938], [860.4109497070312, 823.9130859375, 371.5135803222656], [994.8649291992188, 615.7511596679688, 381.24493408203125]], [[933.11474609375, 722.125244140625, 246.50009155273438], [855.019287109375, 825.8587646484375, 370.6629943847656], [982.5127563476562, 613.3766479492188, 380.69989013671875]], [[922.5275268554688, 715.7014770507812, 246.08206176757812], [845.3179931640625, 820.0659790039062, 370.2702331542969], [972.0199584960938, 607.1143188476562, 380.37774658203125]], [[906.8734741210938, 700.4776000976562, 244.38467407226562], [827.9630737304688, 803.7474365234375, 368.41876220703125], [957.3507080078125, 592.427490234375, 378.7469177246094]], [[893.249267578125, 682.0213623046875, 242.54611206054688], [811.133056640625, 783.0104370117188, 366.3770751953125], [947.3413696289062, 576.0438842773438, 377.15228271484375]], [[881.5117797851562, 666.0314331054688, 240.03390502929688], [794.0936889648438, 762.7337646484375, 363.6571044921875], [941.8815307617188, 563.8988037109375, 374.9428405761719]], [[868.2533569335938, 652.8126220703125, 236.6708984375], [774.6236572265625, 744.8952026367188, 359.268798828125], [936.3363037109375, 557.3583374023438, 372.7928466796875]], [[851.9566650390625, 635.3851318359375, 232.95086669921875], [753.2329711914062, 723.2694091796875, 354.63055419921875], [924.8497314453125, 544.8982543945312, 369.9717712402344]], [[834.9163208007812, 617.4261474609375, 229.55203247070312], [731.5614013671875, 701.1054077148438, 350.34735107421875], [913.0795288085938, 532.9988403320312, 367.53228759765625]], [[817.7728271484375, 599.0049438476562, 226.32058715820312], [708.9628295898438, 675.7858276367188, 346.9068603515625], 