{"code": 0, "data": [[[279.6561584472656, 316.3531188964844, 556.5047607421875], [117.35772705078125, 354.1277160644531, 623.6486206054688], [278.26739501953125, 480.49957275390625, 483.49786376953125]], [[276.7274169921875, 312.4372863769531, 540.7598266601562], [113.77947998046875, 349.53369140625, 606.6978759765625], [274.8440246582031, 476.2642517089844, 467.0498046875]], [[269.72296142578125, 300.85760498046875, 516.9308471679688], [106.03126525878906, 337.21875, 581.42041015625], [267.06182861328125, 464.0299377441406, 441.80633544921875]], [[266.1204833984375, 295.3389892578125, 498.33795166015625], [101.64376831054688, 331.0554504394531, 561.1690673828125], [262.7908935546875, 457.7303161621094, 421.5657958984375]], [[267.9986572265625, 293.8314208984375, 478.0929870605469], [102.82093811035156, 329.2726135253906, 539.2177734375], [264.3040771484375, 455.3017578125, 399.41845703125]], [[259.5780334472656, 285.3382873535156, 454.2394714355469], [93.92506408691406, 320.6397399902344, 514.1469116210938], [255.60084533691406, 446.02642822265625, 373.99298095703125]], [[252.27352905273438, 279.06561279296875, 436.20904541015625], [86.52578735351562, 314.48724365234375, 495.78253173828125], [248.15150451660156, 439.2928466796875, 355.05340576171875]], [[246.77670288085938, 272.6771240234375, 420.4794006347656], [81.26676940917969, 308.1850280761719, 480.6595764160156], [242.3885040283203, 432.8492126464844, 339.2289123535156]], [[245.7892608642578, 274.9114685058594, 424.7104187011719], [81.19161224365234, 310.69268798828125, 487.1869812011719], [241.52285766601562, 436.1228332519531, 345.535400390625]], [[249.2505340576172, 278.07568359375, 439.1558837890625], [86.07057189941406, 314.7923278808594, 504.731689453125], [245.72732543945312, 440.5833435058594, 362.63897705078125]], [[254.63819885253906, 283.8472900390625, 448.0220031738281], [94.40526580810547, 322.7798767089844, 519.3358154296875], [253.0950164794922, 448.4535827636719, 376.0610046386719]], [[257.21990966796875, 284.2061767578125, 453.4407043457031], [100.18922424316406, 324.9520568847656, 530.6231689453125], [257.47088623046875, 450.6523742675781, 385.82708740234375]], [[267.9185791015625, 290.5041809082031, 461.5653991699219], [114.0067367553711, 333.1370849609375, 543.8428344726562], [270.7501220703125, 458.61810302734375, 398.27490234375]], [[272.3146057128906, 292.016845703125, 467.6753845214844], [120.92800903320312, 336.0949401855469, 553.7870483398438], [276.99951171875, 461.07696533203125, 407.07244873046875]], [[276.6868591308594, 293.7337341308594, 474.9044189453125], [127.23014831542969, 338.5494079589844, 563.9563598632812], [282.9120788574219, 463.66900634765625, 416.9454345703125]], [[278.5348815917969, 295.558837890625, 475.4443664550781], [130.4619140625, 340.9056396484375, 566.51611328125], [285.74786376953125, 465.98046875, 419.0489501953125]], [[274.8607482910156, 293.1607666015625, 472.5455627441406], [127.38484191894531, 338.3785095214844, 564.6444702148438], [282.01995849609375, 463.7923889160156, 416.781982421875]], [[273.0299987792969, 292.4271545410156, 471.2645568847656], [125.14927673339844, 336.91571044921875, 563.0689697265625], [279.5614013671875, 463.1359558105469, 415.66021728515625]], [[267.9324645996094, 290.0287780761719, 464.24713134765625], [117.68419647216797, 333.2791442871094, 552.7392578125], [272.44342041015625, 459.9472961425781, 406.0805969238281]], [[266.9925537109375, 289.7330322265625, 454.2917175292969], [112.91595458984375, 331.5625915527344, 536.673095703125], [268.9798583984375, 457.9031677246094, 391.11859130859375]], [[260.9385070800781, 285.4256286621094, 435.4798889160156], [103.14889526367188, 325.3874816894531, 511.5159912109375], [260.4547119140625, 451.59375, 367.18701171875]], [[257.52099609375, 284.27978515625, 418.6109313964844], [96.28431701660156, 322.1346740722656, 488.22222900390625], [255.0484619140625, 448.3834228515625, 345.53656005859375]], [[252.17620849609375, 278.7044982910156, 405.2578125], [88.28861999511719, 314.4557189941406, 469.59063720703125], [248.09080505371094, 441.0107116699219, 328.3422546386719]], [[249.24551391601562, 274.41937255859375, 392.14300537109375], [83.38156127929688, 308.1716003417969, 452.3587341308594], [243.70985412597656, 435.16436767578125, 312.1029968261719]], [[249.6797637939453, 270.0406799316406, 380.64422607421875], [82.34009552001953, 301.7740478515625, 437.796875], [242.87831115722656, 429.77642822265625, 298.703857421875]], [[246.08047485351562, 266.66424560546875, 371.6285400390625], [77.80720520019531, 296.5966796875, 426.9833679199219], [238.12326049804688, 425.917236328125, 288.85675048828125]], [[244.1678009033203, 265.74725341796875, 364.56390380859375], [75.03165435791016, 294.01263427734375, 418.1365966796875], [235.2533416748047, 424.5718994140625, 281.06988525390625]], [[235.91061401367188, 257.14483642578125, 351.68426513671875], [66.1368637084961, 283.83795166015625, 404.0326232910156], [225.7589111328125, 415.3670959472656, 267.1937255859375]], [[229.0573272705078, 245.8050537109375, 331.09600830078125], [58.86922836303711, 271.4347229003906, 382.62396240234375], [217.97084045410156, 403.44769287109375, 245.64492797851562]], [[222.43988037109375, 236.63194274902344, 314.4981994628906], [51.85860824584961, 261.142578125, 365.2649230957031], [210.4185791015625, 393.7741394042969, 228.25546264648438]], [[216.16500854492188, 229.59129333496094, 300.6764831542969], [45.24228286743164, 252.66749572753906, 350.96478271484375], [203.09500122070312, 386.6734924316406, 214.47702026367188]], [[212.50070190429688, 228.74595642089844, 292.8629455566406], [41.492088317871094, 250.68972778320312, 343.3656921386719], [198.5491485595703, 386.1556701660156, 207.4022216796875]], [[208.48922729492188, 229.34934997558594, 293.3995361328125], [37.97819519042969, 251.01193237304688, 345.6749572753906], [193.95420837402344, 387.5823669433594, 209.57208251953125]], [[218.78762817382812, 240.45321655273438, 301.1064147949219], [49.6467399597168, 263.2091064453125, 357.22711181640625], [204.96237182617188, 400.92669677734375, 221.5255126953125]], [[221.9123077392578, 244.03871154785156, 317.1451721191406], [55.17095184326172, 268.49969482421875, 379.3945007324219], [209.0100555419922, 407.1568603515625, 242.96969604492188]], [[225.1677703857422, 245.0684814453125, 321.615966796875], [61.85479736328125, 272.1633605957031, 391.40667724609375], [214.14048767089844, 410.8552551269531, 253.28488159179688]], [[239.3282928466797, 252.9224853515625, 331.52838134765625], [79.08558654785156, 282.5715637207031, 407.15380859375], [231.03469848632812, 420.8656311035156, 268.26458740234375]], [[240.7255096435547, 252.55184936523438, 340.63385009765625], [82.70659637451172, 283.7266540527344, 420.22125244140625], [234.1663818359375, 421.7160949707031, 280.4970703125]], [[241.60264587402344, 253.96560668945312, 342.0256042480469], [85.27496337890625, 286.13665771484375, 424.50396728515625], [236.3329315185547, 423.9788513183594, 284.2006530761719]], [[239.7984619140625, 252.14675903320312, 336.3421630859375], [83.47555541992188, 283.847900390625, 419.0113220214844], [234.3480987548828, 422.38189697265625, 279.1907043457031]], [[232.65838623046875, 247.08644104003906, 316.9983825683594], [74.0634765625, 277.48974609375, 395.7340087890625], [225.22303771972656, 415.9654235839844, 256.1658630371094]], [[220.50802612304688, 238.81312561035156, 280.78265380859375], [59.0206298828125, 268.5274658203125, 353.6858825683594], [211.20814514160156, 405.06317138671875, 213.3258056640625]], [[217.78671264648438, 236.8825225830078, 255.80035400390625], [54.0396728515625, 265.4748840332031, 323.9573974609375], [207.43728637695312, 401.36834716796875, 184.29302978515625]], [[210.8304443359375, 232.42176818847656, 238.29754638671875], [45.8475227355957, 259.8511047363281, 303.9044494628906], [199.6597900390625, 396.07098388671875, 165.01629638671875]], [[205.94187927246094, 224.7748565673828, 216.30645751953125], 