{"code": 0, "data": [[[261.0887451171875, 258.1214599609375, 656.4332275390625], [95.28804016113281, 274.8551940917969, 723.560791015625], [251.33413696289062, 431.85369873046875, 611.734619140625]], [[260.7611083984375, 258.2936096191406, 655.32275390625], [95.00446319580078, 274.8258972167969, 722.60888671875], [250.98753356933594, 432.1655578613281, 611.1749877929688]], [[264.7610168457031, 260.65478515625, 659.0328369140625], [99.06163024902344, 277.2853698730469, 726.4356079101562], [255.23683166503906, 434.6453857421875, 615.2999267578125]], [[265.6937255859375, 262.65985107421875, 650.1039428710938], [99.63245391845703, 279.1231384277344, 716.6517944335938], [256.13165283203125, 436.58428955078125, 606.1168212890625]], [[257.6790771484375, 255.09231567382812, 620.2069702148438], [90.7885513305664, 270.6129150390625, 684.8804321289062], [247.0604705810547, 428.5736389160156, 574.7372436523438]], [[253.7674560546875, 252.21142578125, 590.2991333007812], [85.85248565673828, 266.5656433105469, 652.5447387695312], [242.51954650878906, 425.5572204589844, 544.4655151367188]], [[242.60726928710938, 241.7938690185547, 559.8370971679688], [74.53946685791016, 255.7984619140625, 621.7490234375], [231.06784057617188, 415.0998229980469, 513.92529296875]], [[240.98089599609375, 240.230712890625, 547.1365356445312], [72.85008239746094, 253.95587158203125, 608.9398193359375], [229.0691680908203, 413.4320983886719, 500.92620849609375]], [[238.964111328125, 240.48985290527344, 533.2532958984375], [70.64396667480469, 253.42755126953125, 594.7101440429688], [226.4028778076172, 413.6839294433594, 487.187744140625]], [[235.62171936035156, 238.9503173828125, 521.3739013671875], [66.89945983886719, 250.78038024902344, 581.9448852539062], [222.23057556152344, 412.1100769042969, 475.413330078125]], [[228.2399139404297, 233.53988647460938, 497.2197265625], [59.26145935058594, 244.52078247070312, 557.2338256835938], [213.77256774902344, 406.3447570800781, 450.26031494140625]], [[220.0306854248047, 228.6165771484375, 483.46490478515625], [50.789527893066406, 238.9900360107422, 542.843505859375], [204.7342071533203, 401.0481262207031, 435.40875244140625]], [[216.84698486328125, 227.2411651611328, 472.29400634765625], [47.30547332763672, 236.62234497070312, 530.9767456054688], [200.62606811523438, 399.4837341308594, 423.86480712890625]], [[211.7970733642578, 224.84962463378906, 461.0147705078125], [41.82779312133789, 233.1619873046875, 518.6111450195312], [194.6744842529297, 396.87286376953125, 412.11871337890625]], [[203.47996520996094, 219.84983825683594, 444.95538330078125], [33.16330337524414, 227.11099243164062, 501.6607666015625], [185.4073944091797, 391.63104248046875, 395.5528564453125]], [[195.41009521484375, 214.6742706298828, 428.07489013671875], [24.915332794189453, 221.18258666992188, 484.33477783203125], [176.4707794189453, 386.1471862792969, 377.931640625]], [[187.73516845703125, 209.87921142578125, 411.08526611328125], [16.73934555053711, 215.45704650878906, 465.906005859375], [168.05911254882812, 381.0201721191406, 360.09869384765625]], [[185.8665313720703, 208.275390625, 394.39678955078125], [14.264677047729492, 212.63487243652344, 447.404296875], [165.49339294433594, 379.2514953613281, 343.13165283203125]], [[181.0152130126953, 204.60055541992188, 376.2340087890625], [8.864667892456055, 207.68870544433594, 427.52386474609375], [159.98394775390625, 375.526123046875, 325.06622314453125]], [[178.26976013183594, 201.03237915039062, 351.32366943359375], [5.814291000366211, 203.07769775390625, 401.6319580078125], [156.8401336669922, 372.2167663574219, 301.197021484375]], [[178.03285217285156, 202.92958068847656, 346.2049560546875], [5.545246124267578, 204.46371459960938, 396.421142578125], [156.39096069335938, 374.3484802246094, 296.9790344238281]], [[180.9128875732422, 205.7422332763672, 349.118408203125], [8.563344955444336, 207.240966796875, 399.8074951171875], [159.34744262695312, 377.42388916015625, 300.7825927734375]], [[182.4864959716797, 206.39398193359375, 351.5240478515625], [10.425777435302734, 208.16510009765625, 403.1763916015625], [161.07936096191406, 378.2735595703125, 303.825439453125]], [[184.93540954589844, 207.05894470214844, 358.6217041015625], [13.266578674316406, 208.89682006835938, 411.5596923828125], [163.67103576660156, 379.37823486328125, 312.47088623046875]], [[192.2002410888672, 214.1547393798828, 366.50457763671875], [20.69145965576172, 216.12303161621094, 419.95416259765625], [171.27296447753906, 386.8200988769531, 321.507568359375]], [[194.9921112060547, 219.67938232421875, 377.05767822265625], [23.50621223449707, 221.8703155517578, 430.57196044921875], [174.33045959472656, 392.4268493652344, 332.25347900390625]], [[195.91622924804688, 223.09300231933594, 387.47039794921875], [24.792192459106445, 225.80294799804688, 442.1075439453125], [175.6678924560547, 396.0693359375, 343.365966796875]], [[199.00526428222656, 226.4093475341797, 401.82464599609375], [28.414220809936523, 229.58230590820312, 458.07965087890625], [179.13522338867188, 399.7223205566406, 358.88507080078125]], [[200.40802001953125, 232.01934814453125, 437.49176025390625], [30.296672821044922, 235.55599975585938, 495.159912109375], [180.65896606445312, 405.46270751953125, 395.0255126953125]], [[200.52903747558594, 236.57284545898438, 459.34185791015625], [31.085887908935547, 241.63931274414062, 518.834228515625], [181.6065216064453, 409.9659729003906, 416.29803466796875]], [[211.11827087402344, 247.7952117919922, 479.89752197265625], [41.99220275878906, 254.3846435546875, 540.1383056640625], [193.34339904785156, 421.1783447265625, 436.32745361328125]], [[215.78500366210938, 253.55612182617188, 501.35308837890625], [47.1027946472168, 261.3323974609375, 562.6869506835938], [198.80978393554688, 426.9556579589844, 457.5302734375]], [[219.3218994140625, 255.7633056640625, 509.7510986328125], [51.10194396972656, 264.5877380371094, 572.2024536132812], [203.07838439941406, 429.22332763671875, 465.8902587890625]], [[227.4562225341797, 263.2120056152344, 526.2318725585938], [59.613731384277344, 272.72894287109375, 589.5905151367188], [212.01132202148438, 436.96990966796875, 483.27081298828125]], [[229.70277404785156, 266.56390380859375, 539.1901245117188], [62.51014709472656, 276.6455993652344, 604.1591796875], [214.79830932617188, 440.6257629394531, 497.281494140625]], [[233.53233337402344, 271.9460754394531, 554.9290161132812], [66.95321655273438, 282.3255310058594, 621.4095458984375], [218.96896362304688, 446.3025207519531, 514.1399536132812]], [[234.21072387695312, 274.8601379394531, 563.6456298828125], [68.62547302246094, 285.72723388671875, 632.4891357421875], [219.96368408203125, 449.49456787109375, 523.9487915039062]], [[244.65292358398438, 283.4645690917969, 587.1611938476562], [79.72613525390625, 294.6246337890625, 657.521728515625], [230.7312774658203, 458.3463134765625, 548.4498901367188]], [[257.1690673828125, 294.44720458984375, 610.0347290039062], [92.77513122558594, 306.099853515625, 681.5527954101562], [243.86178588867188, 469.5731506347656, 572.2216186523438]], [[257.10455322265625, 296.2017517089844, 631.408447265625], [93.32596588134766, 307.7915954589844, 704.3347778320312], [243.65829467773438, 471.4583740234375, 594.2557983398438]], [[256.3694152832031, 297.5924072265625, 653.3402709960938], [93.47189331054688, 309.3058776855469, 728.1947021484375], [242.93597412109375, 473.0231628417969, 617.0140380859375]], [[256.6419677734375, 299.7143249511719, 666.4657592773438], [94.78050231933594, 311.72076416015625, 743.4898681640625], [243.45155334472656, 475.3700866699219, 631.15185546875]], [[259.5550842285156, 303.6379089355469, 686.63720703125], [98.32768249511719, 315.9060974121094, 764.9392700195312], [246.58238220214844, 479.4146423339844, 651.8485717773438]], [[263.978271484375, 308.8990783691406, 707.6405029296875], [103.10640716552734, 320.8770446777344, 786.7149047851562], [251.08767700195312, 484.9103088378906, 674.0266723632812]], [[266.053955078125,