{"code": 0, "data": [[[343.0729064941406, 306.1304931640625, 573.8395385742188], [209.5213623046875, 393.7890319824219, 656.0342407226562], [391.7012634277344, 463.9452209472656, 503.08782958984375]], [[339.5136413574219, 303.9909973144531, 568.6619262695312], [205.16563415527344, 391.3756408691406, 649.8440551757812], [387.6010437011719, 461.6843566894531, 497.272705078125]], [[328.44140625, 296.5736389160156, 546.8565063476562], [192.9249267578125, 383.2335510253906, 626.8649291992188], [375.3336181640625, 454.2209777832031, 474.576171875]], [[316.5235595703125, 288.9110412597656, 530.244384765625], [179.5084228515625, 374.462646484375, 608.8814086914062], [361.949462890625, 446.62945556640625, 457.1868896484375]], [[308.982666015625, 284.165283203125, 520.8914794921875], [170.43067932128906, 368.3716735839844, 598.2777099609375], [352.9816589355469, 442.1239929199219, 447.4806823730469]], [[301.9533386230469, 277.6639404296875, 499.57666015625], [161.98643493652344, 360.6617431640625, 575.7122802734375], [344.6485595703125, 435.7740478515625, 425.72332763671875]], [[292.3459167480469, 271.8087158203125, 483.31536865234375], [151.15414428710938, 353.6005554199219, 558.4884033203125], [333.9525451660156, 430.1859436035156, 409.41314697265625]], [[288.8844909667969, 269.7851257324219, 474.71710205078125], [146.76638793945312, 350.73175048828125, 549.0548095703125], [329.5794677734375, 428.2406005859375, 400.4756774902344]], [[288.158447265625, 267.544921875, 468.368408203125], [145.09095764160156, 347.8519287109375, 541.570068359375], [328.0437927246094, 425.8808898925781, 393.435791015625]], [[283.67840576171875, 264.0588073730469, 462.0212097167969], [139.88211059570312, 343.6825256347656, 534.5380859375], [322.7745361328125, 422.4057312011719, 386.6968688964844]], [[275.48858642578125, 260.6168212890625, 456.4945983886719], [131.14208984375, 339.63946533203125, 528.5745239257812], [313.86553955078125, 418.99224853515625, 380.8609619140625]], [[270.36083984375, 258.57000732421875, 450.88018798828125], [125.48709106445312, 336.9695129394531, 522.581787109375], [308.1275939941406, 417.0500793457031, 375.15869140625]], [[264.599365234375, 255.782958984375, 444.86334228515625], [119.4053955078125, 333.7269287109375, 516.4136352539062], [301.8487243652344, 414.3334655761719, 369.0330810546875]], [[262.6271667480469, 255.41015625, 442.3094482421875], [116.9170150756836, 332.7334289550781, 513.48291015625], [299.2850341796875, 414.0640563964844, 366.4072570800781]], [[260.1015930175781, 254.01812744140625, 429.31787109375], [113.85730743408203, 330.720703125, 500.06622314453125], [296.00390625, 412.67559814453125, 353.062744140625]], [[256.6611022949219, 251.7911376953125, 418.3305358886719], [110.10326385498047, 328.3349304199219, 488.60040283203125], [292.0691223144531, 410.1947937011719, 341.3204040527344]], [[253.8601837158203, 252.07467651367188, 415.32745361328125], [107.26422882080078, 328.8114929199219, 485.30670166015625], [289.19757080078125, 410.20697021484375, 337.72943115234375]], [[254.36245727539062, 253.72994995117188, 410.6832580566406], [107.7698745727539, 330.8392639160156, 480.25897216796875], [289.6124267578125, 411.40130615234375, 332.11358642578125]], [[254.71151733398438, 253.92642211914062, 402.43896484375], [107.93561553955078, 331.17144775390625, 471.47552490234375], [289.8180847167969, 411.25384521484375, 323.1192321777344]], [[259.2991027832031, 255.8919677734375, 395.6615295410156], [112.02971649169922, 332.8276672363281, 463.9889221191406], [294.1130065917969, 413.10357666015625, 315.98394775390625]], [[260.6815490722656, 256.3549499511719, 388.33740234375], [112.78609466552734, 332.6863098144531, 455.9869689941406], [294.87518310546875, 413.5149230957031, 308.290283203125]], [[257.4754638671875, 255.3707275390625, 382.497314453125], [109.16820526123047, 331.1531982421875, 449.8618469238281], [291.04022216796875, 412.5411071777344, 302.2048645019531]], [[249.07525634765625, 251.50714111328125, 376.0458984375], [100.65361785888672, 326.9617004394531, 443.52655029296875], [282.04180908203125, 408.6418762207031, 295.4364013671875]], [[239.29507446289062, 246.29559326171875, 369.8351745605469], [90.86737823486328, 321.68426513671875, 437.3760986328125], [271.8769226074219, 403.279541015625, 288.7767028808594]], [[233.73374938964844, 243.30374145507812, 363.88525390625], [85.31156158447266, 318.64019775390625, 431.4964904785156], [266.0171813964844, 400.1783752441406, 282.4964294433594]], [[233.98123168945312, 242.9072265625, 361.89617919921875], [85.30378723144531, 318.0086364746094, 429.2074279785156], [266.0253601074219, 399.7402038574219, 280.33270263671875]], [[235.16183471679688, 243.240966796875, 362.6830139160156], [86.1897964477539, 317.9535827636719, 429.7752685546875], [267.121826171875, 400.2809143066406, 281.485595703125]], [[231.07220458984375, 242.75582885742188, 362.1948547363281], [81.9842529296875, 317.3001708984375, 429.21673583984375], [262.98419189453125, 399.88641357421875, 281.154052734375]], [[234.38233947753906, 244.60198974609375, 358.5249328613281], [85.1435317993164, 319.035400390625, 425.33404541015625], [266.4199523925781, 401.8326416015625, 277.7281799316406]], [[236.75167846679688, 245.98019409179688, 352.6945495605469], [87.62294006347656, 320.3680725097656, 419.799560546875], [268.96807861328125, 403.4513244628906, 272.4389953613281]], [[243.38052368164062, 249.99081420898438, 345.2747802734375], [94.30901336669922, 324.4338073730469, 412.4457092285156], [275.8381652832031, 407.57904052734375, 265.346923828125]], [[253.04576110839844, 254.1141357421875, 332.6750793457031], [104.0051498413086, 328.7614440917969, 399.6876220703125], [286.0831604003906, 411.8209533691406, 253.2200927734375]], [[259.07708740234375, 256.4901428222656, 323.7945556640625], [109.97769927978516, 331.1705627441406, 390.6392517089844], [292.2041320800781, 414.1693115234375, 244.32196044921875]], [[268.9187316894531, 261.20458984375, 317.3446350097656], [119.74866485595703, 335.8502197265625, 384.0704040527344], [302.0863952636719, 418.8996887207031, 237.920654296875]], [[276.2464599609375, 265.0417785644531, 310.6418762207031], [127.05007934570312, 339.65460205078125, 377.3455505371094], [309.4047546386719, 422.75213623046875, 231.2442626953125]], [[277.3616943359375, 264.3865051269531, 301.59332275390625], [128.04367065429688, 338.7795715332031, 368.2701721191406], [310.1573181152344, 422.06024169921875, 221.97268676757812]], [[276.59332275390625, 262.3850402832031, 289.71868896484375], [126.9065933227539, 336.3287353515625, 356.06787109375], [308.7708740234375, 419.9661865234375, 209.6636962890625]], [[274.9451904296875, 259.43670654296875, 282.96038818359375], [124.67110443115234, 332.66424560546875, 348.7740173339844], [306.3686828613281, 416.99432373046875, 202.56033325195312]], [[269.7929992675781, 253.20220947265625, 273.02197265625], [118.83789825439453, 325.715576171875, 338.06329345703125], [300.2328186035156, 410.4978332519531, 191.7353515625]], [[266.04156494140625, 246.95758056640625, 259.41680908203125], [114.47710418701172, 318.7735595703125, 323.8115234375], [295.6568603515625, 404.10137939453125, 177.53414916992188]], [[260.1526184082031, 238.0804443359375, 239.24984741210938], [107.9419937133789, 309.1391906738281, 302.9568176269531], [288.954345703125, 395.1019592285156, 156.84405517578125]], [[255.61167907714844, 233.00347900390625, 227.85836791992188], [102.69231414794922, 303.2992858886719, 290.7088317871094], [283.7056884765625, 389.90228271484375, 144.97592163085938]], [[248.4642791748047, 227.08216857910156, 220.87472534179688], [95.043701171875, 296.8042297363281, 283.1400451660156], [275.9453125, 383.84375, 137.52841186523438]], [[244.66102600097656, 221.50241088867188, 210.33389282226562], [90.94941711425781, 290.8671569824219, 272.2796936035156], [271.647216796875, 378.1093444824219, 126.53636932373047]], [[242.8004150390625, 217.9779510498047, 201.87759399414062], [88.7081298828125, 