{"code": 0, "data": [[[1259.4139404296875, 1032.5845947265625, 300.9403381347656], [1166.266845703125, 1124.5269775390625, 424.0101623535156], [1364.4061279296875, 975.8012084960938, 435.2098083496094]], [[1259.6925048828125, 1034.37451171875, 299.9386901855469], [1166.46826171875, 1126.548828125, 422.77642822265625], [1364.5582275390625, 977.7890625, 434.3904113769531]], [[1263.3712158203125, 1036.326904296875, 300.2029724121094], [1169.8714599609375, 1128.6611328125, 422.710693359375], [1368.259521484375, 980.3446044921875, 434.88934326171875]], [[1266.3408203125, 1038.506103515625, 301.7879333496094], [1172.951904296875, 1131.646484375, 423.768798828125], [1371.4339599609375, 983.521728515625, 436.72552490234375]], [[1270.196533203125, 1042.4561767578125, 302.1192932128906], [1177.016845703125, 1136.0211181640625, 423.9352111816406], [1375.8128662109375, 988.3270263671875, 436.9940490722656]], [[1274.2923583984375, 1046.96533203125, 299.8835144042969], [1181.0552978515625, 1139.572509765625, 422.38543701171875], [1381.029052734375, 993.3617553710938, 434.0846252441406]], [[1276.01806640625, 1047.5084228515625, 298.6087646484375], [1182.489013671875, 1138.670654296875, 421.9689636230469], [1382.97265625, 993.0558471679688, 432.2935791015625]], [[1271.6947021484375, 1043.7681884765625, 302.3609924316406], [1178.2760009765625, 1134.593505859375, 426.05279541015625], [1376.0738525390625, 985.3531494140625, 436.40826416015625]], [[1266.5186767578125, 1038.65234375, 298.36859130859375], [1176.4586181640625, 1132.56982421875, 422.2421569824219], [1365.7481689453125, 972.6903686523438, 432.82501220703125]], [[1258.5941162109375, 1036.0836181640625, 299.0367736816406], [1173.625244140625, 1135.666259765625, 422.07965087890625], [1349.6051025390625, 961.3818359375, 434.7300720214844]], [[1248.4364013671875, 1032.8115234375, 299.78741455078125], [1168.5220947265625, 1137.540771484375, 421.9408264160156], [1330.2513427734375, 950.11083984375, 436.69207763671875]], [[1245.455078125, 1033.300048828125, 300.06207275390625], [1170.58740234375, 1142.737060546875, 421.2822570800781], [1320.1109619140625, 945.5838012695312, 437.932861328125]], [[1242.7889404296875, 1033.1859130859375, 296.1794738769531], [1172.3375244140625, 1146.346435546875, 416.6255798339844], [1311.523193359375, 941.8939819335938, 434.8062744140625]], [[1233.80419921875, 1015.9299926757812, 300.5953369140625], [1166.0772705078125, 1131.26171875, 420.54376220703125], [1295.73583984375, 920.734375, 439.8011779785156]], [[1225.585693359375, 1001.6574096679688, 305.4006652832031], [1158.028076171875, 1117.0179443359375, 425.4167785644531], [1285.5743408203125, 905.1962890625, 444.586181640625]], [[1213.64013671875, 980.5593872070312, 306.91302490234375], [1144.78125, 1094.5850830078125, 427.4641418457031], [1274.3388671875, 883.9005126953125, 445.65283203125]], [[1194.164306640625, 957.6091918945312, 308.5778503417969], [1121.2406005859375, 1068.95654296875, 429.2421875], [1258.2257080078125, 863.0056762695312, 447.22235107421875]], [[1175.6180419921875, 944.9140014648438, 314.4698181152344], [1095.0609130859375, 1051.6253662109375, 434.4665222167969], [1244.95361328125, 854.9869384765625, 453.6879577636719]], [[1158.5155029296875, 936.3438110351562, 316.7414245605469], [1067.8648681640625, 1034.5626220703125, 436.7892761230469], [1235.1387939453125, 852.4705810546875, 455.9181823730469]], [[1142.9971923828125, 922.9957275390625, 316.4466552734375], [1039.384033203125, 1006.1312255859375, 437.3961181640625], [1228.3548583984375, 846.46875, 454.7712097167969]], [[1138.4886474609375, 913.1054077148438, 315.99871826171875], [1022.5990600585938, 977.3651123046875, 437.309326171875], [1232.094970703125, 845.659423828125, 453.7117919921875]], [[1135.020263671875, 897.905029296875, 315.4845886230469], [1013.8395385742188, 953.2359619140625, 436.023681640625], [1233.0684814453125, 838.6776733398438, 453.885009765625]], [[1126.0252685546875, 888.619873046875, 315.994140625], [1005.0315551757812, 946.105712890625, 435.7098388671875], [1223.248779296875, 829.8910522460938, 455.1864929199219]], [[1119.9193115234375, 881.5870361328125, 316.989013671875], [999.0333251953125, 940.7278442382812, 436.0054626464844], [1215.9857177734375, 822.39013671875, 456.78515625]], [[1109.23583984375, 868.0228881835938, 315.83197021484375], [988.053955078125, 928.2196655273438, 434.01513671875], [1204.0496826171875, 808.4163208007812, 456.30755615234375]], [[1094.15185546875, 847.6483154296875, 314.42120361328125], [971.9603271484375, 908.7083129882812, 431.11260986328125], [1187.0384521484375, 787.784912109375, 456.0701904296875]], [[1075.2098388671875, 824.1599731445312, 310.9702453613281], [951.0939331054688, 885.3017578125, 425.569091796875], [1164.942626953125, 762.9930419921875, 454.08782958984375]], [[1056.1588134765625, 798.9332885742188, 306.22149658203125], [931.4760131835938, 860.2044677734375, 420.1337890625], [1143.464111328125, 734.9163208007812, 449.5937805175781]], [[1041.6397705078125, 778.25732421875, 300.90277099609375], [917.1561279296875, 838.9417724609375, 415.3456726074219], [1127.186767578125, 710.089111328125, 443.4188232421875]], [[1023.3156127929688, 755.6044921875, 301.1385803222656], [899.9257202148438, 818.1801147460938, 415.7474365234375], [1105.0845947265625, 681.5216674804688, 442.9185791015625]], [[1000.5142211914062, 738.0736083984375, 297.3094787597656], [879.960205078125, 805.6155395507812, 412.1170654296875], [1076.454833984375, 656.5850830078125, 438.26568603515625]], [[973.069580078125, 723.051513671875, 294.09771728515625], [856.63134765625, 796.8442993164062, 409.3050231933594], [1041.7391357421875, 633.6577758789062, 433.9878845214844]], [[955.203369140625, 712.1661376953125, 289.8127746582031], [844.4344482421875, 792.1428833007812, 406.4743347167969], [1017.7875366210938, 616.1224365234375, 428.1414794921875]], [[942.1724243164062, 706.9044189453125, 287.5725402832031], [839.3611450195312, 795.18310546875, 405.5245361328125], [996.57421875, 604.3394775390625, 424.67425537109375]], [[933.3141479492188, 708.9431762695312, 283.81646728515625], [838.7669677734375, 805.9686279296875, 401.81158447265625], [977.0437622070312, 600.95263671875, 420.57086181640625]], [[920.7803955078125, 712.25244140625, 279.8269958496094], [833.2125854492188, 816.068359375, 397.4284362792969], [956.0206909179688, 601.4839477539062, 416.8104248046875]], [[912.5114135742188, 716.4718017578125, 279.81842041015625], [828.28466796875, 823.1102905273438, 397.3346252441406], [945.7308349609375, 605.58984375, 417.21441650390625]], [[904.35986328125, 714.1746215820312, 277.4871520996094], [820.6785888671875, 821.3925170898438, 394.8657531738281], [938.906494140625, 604.3578491210938, 415.41033935546875]], [[890.4807739257812, 705.3849487304688, 276.5418701171875], [804.6445922851562, 811.1629028320312, 393.67059326171875], [928.6589965820312, 597.4586791992188, 414.99884033203125]], [[880.3290405273438, 688.7471923828125, 271.7855224609375], [789.1209106445312, 788.7817993164062, 389.8960876464844], [926.8037719726562, 583.46875, 409.7440490722656]], [[874.61767578125, 675.0284423828125, 268.9377136230469], [776.6976318359375, 767.61962890625, 387.7421875], [931.84765625, 575.0883178710938, 406.82427978515625]], [[861.5684204101562, 665.2556762695312, 267.0768737792969], [757.0931396484375, 751.8148803710938, 384.8409423828125], [927.7658081054688, 573.1836547851562, 406.4205017089844]], [[846.8795776367188, 651.2802124023438, 262.671630859375], [736.8849487304688, 732.1133422851562, 379.47552490234375], [920.8871459960938, 567.561767578125, 403.3489685058594]], [[831.8945922851562, 634.2112426757812, 260.06524658203125], [717.04248046875, 708.3385620117188, 376.6418151855469], [913.36474609375, 558.8331909179688, 401.33367919921875]], [[821.6050415039062, 622.1943969726562, 254.09620666503906], [701.7578735351562, 686.69287109375, 371.3675537109375], [910.2994995117188, 554.5601806640625, 394.93267822265625]], 