{"code": 0, "data": [[[227.26907348632812, 263.30059814453125, 566.2498168945312], [61.46839141845703, 280.0343322753906, 633.3773803710938], [217.5144805908203, 437.0328369140625, 521.5512084960938]], [[228.98336791992188, 262.7635498046875, 567.9409790039062], [63.11739730834961, 279.5726318359375, 634.88818359375], [219.3523712158203, 436.49761962890625, 523.22265625]], [[232.69789123535156, 256.7274475097656, 569.4970703125], [66.86905670166016, 273.5628356933594, 636.5296020507812], [223.03298950195312, 430.43798828125, 524.69482421875]], [[229.1352081298828, 254.30628967285156, 559.012939453125], [63.386234283447266, 269.5779724121094, 626.6150512695312], [217.93284606933594, 428.0838623046875, 514.8329467773438]], [[230.46876525878906, 258.56146240234375, 514.4326782226562], [63.73139953613281, 272.3387451171875, 579.8912963867188], [218.43582153320312, 432.3431091308594, 470.4877014160156]], [[232.970458984375, 255.80477905273438, 483.8987121582031], [64.89140319824219, 267.94561767578125, 546.1724853515625], [220.7378692626953, 429.9335632324219, 441.4070739746094]], [[217.95599365234375, 255.8939208984375, 478.257568359375], [49.4224853515625, 266.9747314453125, 539.4920654296875], [204.9701690673828, 430.0006408691406, 435.89923095703125]], [[214.385498046875, 242.9400177001953, 473.3340759277344], [45.88774108886719, 255.11376953125, 534.4593505859375], [202.41224670410156, 417.0250549316406, 430.5901184082031]], [[215.28878784179688, 243.8929443359375, 462.3363037109375], [46.811885833740234, 256.11431884765625, 523.509521484375], [203.37100219726562, 417.99444580078125, 419.6438293457031]], [[202.4868927001953, 234.62892150878906, 441.36236572265625], [33.9549560546875, 246.59104919433594, 502.4351806640625], [190.25418090820312, 408.66009521484375, 398.4727783203125]], [[205.5914764404297, 212.14584350585938, 427.40057373046875], [36.8625373840332, 225.002685546875, 487.74322509765625], [194.1240692138672, 385.9898986816406, 383.55145263671875]], [[204.87319946289062, 209.56570434570312, 417.57763671875], [35.68366622924805, 221.44776916503906, 476.8204345703125], [192.3502655029297, 383.0836486816406, 372.7366943359375]], [[204.1100311279297, 215.32398986816406, 404.36932373046875], [34.28628158569336, 225.495849609375, 462.0964660644531], [189.93077087402344, 388.4582214355469, 358.5490417480469]], [[211.4446258544922, 211.487060546875, 389.6185302734375], [41.25009536743164, 221.21395874023438, 446.3213195800781], [197.0214385986328, 384.5273742675781, 343.5204162597656]], [[211.36900329589844, 202.34552001953125, 384.03460693359375], [40.660186767578125, 211.96078491210938, 439.1893005371094], [197.10757446289062, 375.25067138671875, 337.3824462890625]], [[208.77145385742188, 201.54075622558594, 374.09393310546875], [37.810646057128906, 210.92835998535156, 428.5023193359375], [194.45208740234375, 374.39886474609375, 327.2854309082031]], [[199.0328369140625, 184.13755798339844, 348.3251037597656], [27.776628494262695, 194.01792907714844, 401.70751953125], [185.46109008789062, 357.0075988769531, 301.3382873535156]], [[186.70066833496094, 187.47174072265625, 308.8214111328125], [15.062702178955078, 195.87667846679688, 361.221435546875], [172.1506805419922, 360.44232177734375, 262.50201416015625]], [[187.7295684814453, 189.4945068359375, 293.26544189453125], [15.53796672821045, 196.69000244140625, 344.0027160644531], [172.5020294189453, 362.4467468261719, 247.09559631347656]], [[195.15283203125, 173.62086486816406, 286.689453125], [22.50198745727539, 181.63397216796875, 335.71466064453125], [181.3065643310547, 346.7417297363281, 240.71707153320312]], [[189.01181030273438, 189.52577209472656, 275.8766784667969], [16.445430755615234, 196.16812133789062, 325.4015808105469], [174.11740112304688, 362.9725036621094, 231.4875030517578]], [[186.3799591064453, 197.64820861816406, 274.5506591796875], [13.936622619628906, 203.67959594726562, 324.57977294921875], [170.9648895263672, 371.2494812011719, 230.95040893554688]], [[190.07545471191406, 206.23377990722656, 281.7117919921875], [17.962507247924805, 211.6263427734375, 332.937255859375], [173.8958282470703, 379.94049072265625, 238.81419372558594]], [[198.5531768798828, 211.41004943847656, 296.6945495605469], [26.71441650390625, 216.10426330566406, 348.89990234375], [181.7406463623047, 385.3275146484375, 254.9086151123047]], [[183.35354614257812, 209.79603576660156, 307.24346923828125], [12.33767318725586, 213.89613342285156, 362.1320495605469], [165.5308380126953, 383.8547668457031, 266.4768371582031]], [[192.9935302734375, 197.24757385253906, 319.1717834472656], [22.104198455810547, 202.42263793945312, 374.36279296875], [176.37901306152344, 371.5630187988281, 278.99603271484375]], [[203.3233642578125, 194.5723419189453, 327.0711975097656], [32.80110549926758, 199.59255981445312, 383.4001770019531], [186.50131225585938, 369.0406799316406, 287.6526794433594]], [[203.3610382080078, 206.7085418701172, 339.39141845703125], [34.34037780761719, 210.57046508789062, 400.1622619628906], [184.97166442871094, 381.5105285644531, 302.21478271484375]], [[224.2095947265625, 192.5089569091797, 391.4666442871094], [56.04038619995117, 198.2003936767578, 454.4167785644531], [206.6719512939453, 367.12750244140625, 353.03741455078125]], [[224.16819763183594, 183.97665405273438, 429.77032470703125], [56.55464172363281, 192.41275024414062, 493.8836975097656], [208.60867309570312, 358.46044921875, 389.9041748046875]], [[223.70889282226562, 204.7646484375, 463.7225036621094], [56.63108444213867, 213.41085815429688, 529.19189453125], [208.01321411132812, 379.2467346191406, 423.9022521972656]], [[231.03884887695312, 216.337890625, 477.8032531738281], [64.58171081542969, 225.3616943359375, 544.7852172851562], [215.60093688964844, 390.99627685546875, 438.66082763671875]], [[233.57044982910156, 215.16604614257812, 480.1933288574219], [67.84761047363281, 225.32049560546875, 548.814208984375], [219.15194702148438, 390.05584716796875, 441.7008361816406]], [[244.88706970214844, 199.95697021484375, 487.81298828125], [79.74352264404297, 212.8412628173828, 557.3658447265625], [233.0497589111328, 375.01177978515625, 449.1903991699219]], [[225.56265258789062, 201.29779052734375, 499.1733093261719], [61.64975357055664, 214.93997192382812, 571.4398193359375], [214.38705444335938, 376.66864013671875, 461.8078918457031]], [[229.82252502441406, 222.23202514648438, 546.0853271484375], [65.72654724121094, 233.85452270507812, 618.289306640625], [217.38336181640625, 397.9166259765625, 510.6424865722656]], [[250.0068817138672, 231.91412353515625, 562.5739135742188], [86.77464294433594, 243.70767211914062, 636.6829223632812], [238.00103759765625, 407.9346923828125, 528.6825561523438]], [[258.9746398925781, 231.2904510498047, 598.6131591796875], [96.05390167236328, 243.65492248535156, 673.3121948242188], [247.72381591796875, 407.473876953125, 565.3140869140625]], [[252.7317352294922, 233.22125244140625, 617.709716796875], [90.55813598632812, 246.06661987304688, 693.9378051757812], [241.5719757080078, 409.3846740722656, 584.2744750976562]], [[252.66943359375, 216.00558471679688, 627.2582397460938], [91.19204711914062, 229.9025115966797, 704.76904296875], [242.6426544189453, 392.348388671875, 594.414794921875]], [[262.2476806640625, 226.58717346191406, 653.886962890625], [101.02523040771484, 239.5546875, 732.0864868164062], [251.68067932128906, 403.1304016113281, 622.3143310546875]], [[265.4410400390625, 234.1735382080078, 681.8374633789062], [105.49888610839844, 247.08473205566406, 762.63232421875], [255.11134338378906, 411.030517578125, 651.9892578125]], [[260.16168212890625, 228.0447235107422, 696.5225219726562], [101.38041687011719, 241.22378540039062, 779.5335083007812], [250.34298706054688, 405.146728515625, 667.9833984375]], [[258.1701965332031, 235.146240234375, 697.9459838867188], [100.05337524414062, 247.89309692382812, 782.2821044921875], [247.71728515625, 412.2510986328125, 669.6507568359375]], [[251.5081329345703, 