{"code": 0, "data": [[[129.35487365722656, 143.9641571044922, 138.0857696533203], [34.656898498535156, 213.3326416015625, 274.0868835449219], [226.13424682617188, 56.23344802856445, 261.42706298828125]], [[158.19973754882812, 171.0185089111328, 141.00318908691406], [66.57054138183594, 241.65467834472656, 278.4463195800781], [257.280029296875, 83.87922668457031, 262.9287414550781]], [[180.45140075683594, 195.02503967285156, 143.38954162597656], [90.47190856933594, 266.86248779296875, 281.2991943359375], [281.08172607421875, 109.05813598632812, 264.8771057128906]], [[186.67385864257812, 202.48040771484375, 150.39219665527344], [97.27301025390625, 276.02703857421875, 287.7762451171875], [288.0725402832031, 118.33545684814453, 272.51483154296875]], [[195.83029174804688, 216.62136840820312, 155.6979522705078], [111.13020324707031, 296.28033447265625, 292.6517639160156], [303.2799377441406, 140.20428466796875, 277.7266540527344]], [[201.1416473388672, 224.8504638671875, 149.4529266357422], [124.02288055419922, 312.9549865722656, 285.7110900878906], [317.41583251953125, 158.57275390625, 269.3010559082031]], [[206.08261108398438, 239.3920135498047, 145.3476104736328], [135.79112243652344, 335.5547790527344, 279.8385925292969], [331.4291076660156, 184.2331085205078, 261.6306457519531]], [[209.23390197753906, 245.8098907470703, 137.25546264648438], [144.21083068847656, 349.055419921875, 269.1203918457031], [340.8951721191406, 199.1787109375, 250.2459259033203]], [[215.84751892089844, 248.14895629882812, 132.3994598388672], [154.04055786132812, 357.3560791015625, 260.9673156738281], [350.7274169921875, 207.27615356445312, 243.81231689453125]], [[220.64793395996094, 249.4395751953125, 130.8427734375], [159.74208068847656, 361.2351379394531, 257.603271484375], [356.84967041015625, 211.5691375732422, 241.7071533203125]], [[218.22177124023438, 245.79832458496094, 130.10975646972656], [157.22325134277344, 357.4979248046875, 256.9103088378906], [354.4886474609375, 208.04840087890625, 240.93519592285156]], [[207.16651916503906, 228.5606231689453, 139.12364196777344], [141.9947052001953, 333.8285217285156, 269.305419921875], [338.29473876953125, 183.12542724609375, 253.21585083007812]], [[194.63723754882812, 217.1581573486328, 144.0753631591797], [124.62519836425781, 314.3864440917969, 277.9446105957031], [319.3704528808594, 161.7816619873047, 260.91314697265625]], [[191.08839416503906, 206.22354125976562, 146.8119659423828], [113.07344818115234, 291.2247619628906, 284.5234680175781], [306.6142883300781, 137.2821807861328, 265.8785705566406]], [[175.2965087890625, 181.3523406982422, 156.08651733398438], [88.08503723144531, 252.85325622558594, 295.9356384277344], [279.8550109863281, 96.95589447021484, 275.33734130859375]], [[160.87484741210938, 158.53854370117188, 153.43959045410156], [64.05297088623047, 216.864501953125, 293.08056640625], [254.82901000976562, 60.00285720825195, 270.65447998046875]], [[142.24844360351562, 146.24476623535156, 145.2376708984375], [37.61495590209961, 194.8143768310547, 282.96502685546875], [227.9515380859375, 37.53425598144531, 259.74969482421875]], [[141.21035766601562, 141.18023681640625, 139.35008239746094], [29.419485092163086, 182.85340881347656, 273.671142578125], [220.36624145507812, 26.053165435791016, 252.29298400878906]], [[130.73031616210938, 134.3895263671875, 137.73582458496094], [13.720623970031738, 172.57748413085938, 268.6037292480469], [203.60218811035156, 14.184501647949219, 249.61273193359375]], [[120.62122344970703, 124.12602233886719, 131.27955627441406], [0.5, 160.71435546875, 259.76373291015625], [188.99191284179688, 0.5, 242.26629638671875]], [[128.51983642578125, 126.48741912841797, 127.7701644897461], [6.873373031616211, 162.27066040039062, 255.0403289794922], [195.45831298828125, 2.042119026184082, 238.71432495117188]], [[142.80731201171875, 137.17593383789062, 132.05657958984375], [22.83563804626465, 175.778076171875, 260.0904235839844], [211.5262451171875, 15.550789833068848, 245.0213165283203]], [[164.19000244140625, 175.05662536621094, 145.096923828125], [52.83335876464844, 224.4646759033203, 277.1368408203125], [241.37722778320312, 63.95297622680664, 263.3090515136719]], [[178.0690460205078, 196.4833984375, 146.45675659179688], [73.5248031616211, 251.8619384765625, 281.6592712402344], [262.77093505859375, 92.36062622070312, 265.87213134765625]], [[205.55003356933594, 225.06675720214844, 157.25421142578125], [105.56916046142578, 284.93499755859375, 293.9861145019531], [295.8744201660156, 126.77165222167969, 277.48553466796875]], [[226.94509887695312, 250.80288696289062, 157.35513305664062], [129.5372314453125, 313.8320007324219, 294.5230407714844], [319.54248046875, 155.29966735839844, 278.1063537597656]], [[251.0779571533203, 276.1371765136719, 169.37428283691406], [154.63768005371094, 342.8355712890625, 305.4867248535156], [344.1330871582031, 183.4246368408203, 291.93499755859375]], [[277.0459899902344, 302.74371337890625, 176.40829467773438], [182.00030517578125, 372.5596923828125, 311.9370422363281], [371.2205505371094, 212.68685913085938, 300.0890197753906]], [[309.5482482910156, 334.78955078125, 182.3489532470703], [217.07025146484375, 408.1887512207031, 317.76080322265625], [405.9840393066406, 247.90756225585938, 306.5570983886719]], [[348.2043151855469, 371.3352355957031, 186.330078125], [258.4859313964844, 447.8248291015625, 321.88800048828125], [448.2861328125, 288.6080017089844, 310.4906005859375]], [[382.3149719238281, 400.2874450683594, 200.4779510498047], [296.3836669921875, 481.40155029296875, 335.8009338378906], [486.8011779785156, 322.91912841796875, 324.4649658203125]], [[421.76678466796875, 437.44854736328125, 202.99827575683594], [342.5517272949219, 524.6480712890625, 338.63458251953125], [533.31640625, 366.78167724609375, 324.8132019042969]], [[458.2387390136719, 468.42376708984375, 204.5132598876953], [385.5878601074219, 562.2988891601562, 339.36614990234375], [576.1256103515625, 404.3052062988281, 323.9598693847656]], [[480.341796875, 484.6955871582031, 207.32635498046875], [412.3924255371094, 583.7978515625, 340.8839416503906], [601.9141235351562, 424.61700439453125, 325.1683044433594]], [[489.67523193359375, 501.10589599609375, 213.53643798828125], [423.2557678222656, 602.0914306640625, 346.45135498046875], [612.257080078125, 442.2712097167969, 330.95947265625]], [[514.2085571289062, 523.0740966796875, 220.41481018066406], [450.6397399902344, 625.9149169921875, 353.3011169433594], [639.5543212890625, 466.1923828125, 335.8656921386719]], [[529.9560546875, 536.188720703125, 219.67787170410156], [469.6002197265625, 641.1367797851562, 352.4147033691406], [657.6148071289062, 480.5600891113281, 333.1886901855469]], [[539.47412109375, 551.3908081054688, 218.90049743652344], [480.6247863769531, 657.6395263671875, 351.27862548828125], [668.787841796875, 497.33001708984375, 331.28997802734375]], [[537.8092041015625, 549.3062133789062, 219.00167846679688], [478.7998352050781, 655.3451538085938, 351.47674560546875], [666.8618774414062, 494.9119873046875, 331.53021240234375]], [[523.6831665039062, 526.60009765625, 219.3895263671875], [461.02130126953125, 627.5763549804688, 354.1236572265625], [648.6146850585938, 466.6512145996094, 333.732177734375]], [[518.2573852539062, 511.28778076171875, 223.57852172851562], [450.9026184082031, 606.222412109375, 360.4242248535156], [638.634521484375, 445.5152587890625, 339.59283447265625]], [[502.1409606933594, 494.8426818847656, 230.9071502685547], [429.60009765625, 583.4734497070312, 369.321044921875], [616.7266235351562, 422.0499572753906, 348.58184814453125]], [[491.6432800292969, 485.4396057128906, 233.5305633544922], [410.8565368652344, 564.4754638671875, 373.1830749511719], [598.5123291015625, 403.65362548828125, 352.5518493652344]], [[475.7621154785156, 467.6929626464844, 231.10647583007812], [385.2223205566406, 535.6599731445312, 370.6020812988281], [572.4706420898438, 374.322998046875, 350.2933654785156]], [[459.8296203613281, 457.63311767578125, 