{"code": 0, "data": [[[341.82708740234375, 334.5606994628906, 615.1287841796875], [208.27554321289062, 422.21923828125, 697.323486328125], [390.4554443359375, 492.37542724609375, 544.3770751953125]], [[327.9939270019531, 333.00946044921875, 597.7344970703125], [193.0821990966797, 419.6315002441406, 678.7989501953125], [375.4944763183594, 491.0471496582031, 526.7147216796875]], [[322.3163146972656, 333.23541259765625, 589.7689208984375], [185.8699188232422, 418.7146911621094, 669.46630859375], [369.0432434082031, 491.6218566894531, 519.013427734375]], [[317.4095764160156, 321.95159912109375, 572.800537109375], [180.5149688720703, 407.0409240722656, 652.1458740234375], [363.4564514160156, 480.337890625, 501.6003112792969]], [[308.15826416015625, 316.2521057128906, 548.6483154296875], [170.366455078125, 400.0965881347656, 627.7655029296875], [352.4920349121094, 474.9156188964844, 476.9795227050781]], [[302.5069274902344, 303.4689636230469, 537.0921630859375], [162.73484802246094, 385.22015380859375, 614.915771484375], [345.23785400390625, 462.8350830078125, 466.0111083984375]], [[305.8045654296875, 292.1793212890625, 532.3857421875], [164.72496032714844, 373.075927734375, 608.7288818359375], [348.12384033203125, 451.7340087890625, 461.48162841796875]], [[299.1003112792969, 292.4476318359375, 512.7655029296875], [157.2537078857422, 372.0328063964844, 589.0657958984375], [339.7073669433594, 452.28912353515625, 441.5069580078125]], [[296.5395202636719, 294.0985412597656, 502.5804443359375], [154.05743408203125, 372.5614013671875, 578.859130859375], [335.76824951171875, 454.2049865722656, 431.1448669433594]], [[295.0157470703125, 282.5600891113281, 486.17822265625], [152.3349609375, 360.836669921875, 562.2767333984375], [333.8051452636719, 442.5870056152344, 414.3257751464844]], [[286.90325927734375, 281.03570556640625, 466.28350830078125], [143.97096252441406, 358.7293701171875, 542.5072021484375], [324.5028381347656, 441.0218505859375, 393.71136474609375]], [[289.1212463378906, 279.47900390625, 467.5848083496094], [145.39794921875, 356.47430419921875, 543.0257568359375], [326.38787841796875, 439.66943359375, 395.2921447753906]], [[288.3924560546875, 269.8468322753906, 465.8244323730469], [144.03761291503906, 346.4999084472656, 540.403076171875], [325.80108642578125, 430.1653137207031, 393.8898010253906]], [[287.1178283691406, 264.0081787109375, 456.6665344238281], [142.30296325683594, 340.12286376953125, 530.904052734375], [324.067138671875, 424.4512023925781, 384.7721862792969]], [[279.7278747558594, 260.0838623046875, 441.17840576171875], [135.01031494140625, 335.68115234375, 516.1309814453125], [315.5256652832031, 420.55865478515625, 368.774169921875]], [[276.98052978515625, 261.10137939453125, 436.0569152832031], [132.10888671875, 336.2497253417969, 511.1630859375], [312.12640380859375, 421.6514892578125, 363.50048828125]], [[276.6186218261719, 265.8677978515625, 434.743408203125], [131.4113006591797, 340.5421447753906, 509.67388916015625], [311.28253173828125, 426.51165771484375, 362.16253662109375]], [[272.4997863769531, 261.583984375, 430.5924987792969], [127.18122100830078, 336.4714660644531, 505.0933532714844], [307.0973205566406, 421.93951416015625, 357.34552001953125]], [[271.43408203125, 260.28240966796875, 429.12884521484375], [125.93985748291016, 335.38104248046875, 503.072265625], [306.0276184082031, 420.3455505371094, 355.2431945800781]], [[270.6647033691406, 257.13330078125, 422.7597961425781], [125.2158203125, 332.4134216308594, 496.6078186035156], [305.22113037109375, 417.01837158203125, 348.472412109375]], [[273.5644836425781, 248.97483825683594, 408.9592590332031], [128.229248046875, 324.784423828125, 482.48870849609375], [308.2918701171875, 408.45989990234375, 333.89569091796875]], [[264.77056884765625, 244.52854919433594, 388.3184509277344], [119.39270782470703, 320.1394348144531, 461.9681091308594], [298.753173828125, 403.8359069824219, 312.5400695800781]], [[254.54769897460938, 243.2027130126953, 382.8500671386719], [108.47308349609375, 318.1629943847656, 455.7826843261719], [287.9570617675781, 402.5443420410156, 306.8890686035156]], [[250.44635009765625, 233.38426208496094, 381.22882080078125], [104.18805694580078, 308.57098388671875, 453.5577392578125], [284.1263427734375, 392.5279235839844, 304.972900390625]], [[244.17840576171875, 234.3313446044922, 374.48480224609375], [98.03811645507812, 309.3560485839844, 447.2193603515625], [277.39593505859375, 393.4745178222656, 298.0252990722656]], [[241.61900329589844, 238.4667510986328, 370.42742919921875], [95.4186019897461, 313.1026306152344, 443.440673828125], [274.19024658203125, 397.65838623046875, 293.7909240722656]], [[239.52647399902344, 239.9210205078125, 367.2727966308594], [93.2579116821289, 314.21258544921875, 440.5003967285156], [271.63299560546875, 399.2002868652344, 290.6223449707031]], [[236.26239013671875, 236.3400421142578, 367.8916931152344], [89.78363800048828, 310.2182312011719, 441.11737060546875], [268.12176513671875, 395.8127746582031, 291.54095458984375]], [[237.91397094726562, 233.29298400878906, 359.9823303222656], [91.58103942871094, 306.84796142578125, 433.82232666015625], [269.4501953125, 393.01300048828125, 284.0152282714844]], [[241.5147247314453, 241.05178833007812, 350.7592468261719], [95.34530639648438, 314.33978271484375, 425.1862487792969], [272.88653564453125, 401.0457458496094, 275.3022766113281]], [[255.87355041503906, 246.68572998046875, 350.89544677734375], [109.75792694091797, 320.51031494140625, 424.89654541015625], [288.67578125, 406.8694763183594, 276.456298828125]], [[263.2370300292969, 254.7331085205078, 348.7898864746094], [117.29942321777344, 328.9325256347656, 422.7673034667969], [297.0070495605469, 415.093505859375, 275.16827392578125]], [[269.10577392578125, 265.55511474609375, 341.7542419433594], [123.31273651123047, 339.38079833984375, 416.38775634765625], [302.7315979003906, 426.2831726074219, 268.87213134765625]], [[277.4959716796875, 264.16192626953125, 342.3459777832031], [131.6973114013672, 338.4681701660156, 416.489990234375], [311.7459411621094, 424.70794677734375, 269.3533020019531]], [[287.1928405761719, 262.8935241699219, 335.3780517578125], [141.64454650878906, 337.5523376464844, 409.6596984863281], [321.8257141113281, 423.3856201171875, 262.44757080078125]], [[292.3602600097656, 263.7120666503906, 314.9798278808594], [147.05262756347656, 337.919921875, 390.1788024902344], [326.2369689941406, 424.40338134765625, 242.13290405273438]], [[291.4398193359375, 263.0576477050781, 309.5436706542969], [145.9353790283203, 336.5475769042969, 385.0664367675781], [324.5296325683594, 423.9921875, 236.8721466064453]], [[290.9405822753906, 251.85714721679688, 294.5853271484375], [145.33396911621094, 325.1463928222656, 370.1061706542969], [323.33941650390625, 412.6177673339844, 221.22085571289062]], [[290.5508117675781, 243.15113830566406, 287.2124328613281], [143.84426879882812, 315.25665283203125, 361.737548828125], [321.5311279296875, 403.8701171875, 213.14736938476562]], [[295.3143615722656, 252.07879638671875, 274.9915771484375], [147.47486877441406, 322.4319152832031, 348.9505310058594], [324.5650939941406, 413.1056823730469, 200.89199829101562]], [[289.9454040527344, 261.5980224609375, 263.0224609375], [141.1012420654297, 330.5157775878906, 336.3147277832031], [317.79833984375, 422.81121826171875, 188.78945922851562]], [[274.51824951171875, 254.6890106201172, 245.5337371826172], [125.09732818603516, 323.2021484375, 318.0274963378906], [301.71905517578125, 415.64447021484375, 170.50396728515625]], [[283.23602294921875, 241.576416015625, 236.1656036376953], [133.2803192138672, 310.3490905761719, 307.2965087890625], [310.95904541015625, 402.2386779785156, 160.69984436035156]], [[277.2082214355469, 234.91783142089844, 231.6687774658203], [127.10889434814453, 303.5326232910156, 302.64910888671875], [304.7254638671875, 395.545654296875, 156.0545196533203]], [[268.47698974609375, 231.62838745117188, 227.551513671875], 