{"code": 0, "data": [[[213.1239013671875, 266.93896484375, 578.3077392578125], [50.82545852661133, 304.71356201171875, 645.4515991210938], [211.73512268066406, 431.0854187011719, 505.3008728027344]], [[213.8029022216797, 254.1862335205078, 550.2959594726562], [51.27888488769531, 291.7510681152344, 617.010498046875], [211.90074157714844, 417.895751953125, 476.3259582519531]], [[211.51580810546875, 238.14195251464844, 511.656494140625], [48.04985427856445, 275.7047119140625, 576.02978515625], [209.51181030273438, 400.77203369140625, 435.3450927734375]], [[208.95338439941406, 234.13978576660156, 497.6785888671875], [44.433563232421875, 272.01708984375, 559.1158447265625], [207.69613647460938, 395.8495788574219, 419.42034912109375]], [[215.5515594482422, 227.3330078125, 481.103759765625], [49.92920684814453, 265.3040466308594, 539.4427490234375], [214.8009796142578, 387.9255676269531, 400.5713806152344]], [[218.4030303955078, 222.22335815429688, 461.8948059082031], [51.94350814819336, 260.4957275390625, 517.594482421875], [218.30801391601562, 381.784423828125, 379.334228515625]], [[222.39498901367188, 224.7156219482422, 443.4322204589844], [55.41057586669922, 262.4469909667969, 497.9166564941406], [221.73544311523438, 383.5120849609375, 359.41290283203125]], [[226.814208984375, 223.562744140625, 439.7172546386719], [59.677711486816406, 261.2073669433594, 493.7938537597656], [225.88880920410156, 381.8909912109375, 354.8214111328125]], [[220.060546875, 230.5732421875, 438.7785949707031], [53.74934768676758, 268.24456787109375, 495.3246765136719], [218.12948608398438, 389.16607666015625, 354.39501953125]], [[208.5447235107422, 234.35647583007812, 451.4548034667969], [46.172142028808594, 274.6823425292969, 516.9144897460938], [206.24606323242188, 394.6226501464844, 370.3039245605469]], [[214.8939971923828, 253.54075622558594, 444.7966613769531], [57.019412994384766, 295.0318298339844, 519.8306884765625], [211.8594970703125, 416.2731018066406, 368.73773193359375]], [[220.22711181640625, 251.9736328125, 445.2993469238281], [67.17925262451172, 295.9141845703125, 528.495361328125], [218.95338439941406, 416.9343566894531, 374.14923095703125]], [[229.12603759765625, 237.91050720214844, 470.8931884765625], [80.30014038085938, 284.091064453125, 560.3035278320312], [230.06398010253906, 404.43853759765625, 403.48748779296875]], [[235.43983459472656, 253.05316162109375, 486.17413330078125], [90.52458190917969, 298.5992431640625, 582.0965576171875], [235.7906494140625, 421.14996337890625, 422.7759094238281]], [[229.7532501220703, 249.98516845703125, 488.2362365722656], [87.77345275878906, 295.597412109375, 588.42236328125], [230.4723358154297, 419.0580749511719, 427.4922790527344]], [[231.384765625, 248.40408325195312, 484.4595642089844], [90.20075225830078, 293.6284484863281, 585.9378051757812], [232.469482421875, 418.0628662109375, 425.3772888183594]], [[231.8092498779297, 239.85723876953125, 484.50885009765625], [91.37948608398438, 285.9103698730469, 586.65869140625], [233.71437072753906, 409.5494079589844, 425.5433044433594]], [[230.39317321777344, 239.83120727539062, 485.05792236328125], [90.281494140625, 286.3380126953125, 587.438720703125], [232.39366149902344, 409.3735656738281, 425.6661376953125]], [[235.68923950195312, 242.70298767089844, 486.8197326660156], [93.85562133789062, 289.3449401855469, 586.7384643554688], [237.80426025390625, 411.78912353515625, 426.1451721191406]], [[228.6014862060547, 231.6181182861328, 482.20831298828125], [79.89751434326172, 278.26617431640625, 571.5787963867188], [231.6826629638672, 399.00091552734375, 417.0201416015625]], [[227.11170959472656, 252.55947875976562, 471.1206359863281], [72.28617858886719, 295.41314697265625, 551.54833984375], [227.40060424804688, 418.4772644042969, 402.22076416015625]], [[208.04202270507812, 256.52545166015625, 440.0198059082031], [48.95567321777344, 296.7789001464844, 513.144287109375], [206.34213256835938, 420.5947265625, 366.8462219238281]], [[202.091796875, 236.8599090576172, 429.14764404296875], [38.87315368652344, 276.4692687988281, 492.9189453125], [201.00213623046875, 398.1692810058594, 350.0648193359375]], [[210.5760955810547, 234.7122344970703, 421.0087890625], [44.49759292602539, 273.6054992675781, 477.41131591796875], [209.8589324951172, 393.2858581542969, 336.57012939453125]], [[229.34396362304688, 228.9482879638672, 415.14312744140625], [61.43355941772461, 266.6406555175781, 466.73175048828125], [228.88296508789062, 386.2098083496094, 328.28350830078125]], [[230.9307098388672, 234.61285400390625, 410.6843566894531], [61.37843704223633, 269.9040222167969, 458.4605712890625], [229.6703338623047, 391.1285705566406, 322.4956970214844]], [[212.80514526367188, 241.32896423339844, 406.28985595703125], [42.07975769042969, 274.24700927734375, 451.5142517089844], [210.0989990234375, 396.9235534667969, 316.5179748535156]], [[202.78469848632812, 246.08021545410156, 400.62451171875], [30.957714080810547, 276.6337890625, 443.2621765136719], [198.79476928710938, 400.80743408203125, 309.4128723144531]], [[193.81837463378906, 228.975830078125, 388.3668518066406], [21.75565528869629, 259.8228759765625, 429.8262634277344], [190.21615600585938, 382.8422546386719, 295.69464111328125]], [[193.70802307128906, 224.3343048095703, 361.3256530761719], [21.29910659790039, 254.33255004882812, 401.9615173339844], [189.5436248779297, 377.7389221191406, 267.914306640625]], [[197.01528930664062, 201.5381622314453, 335.0526428222656], [24.233959197998047, 231.0267333984375, 374.4612731933594], [192.7645721435547, 354.37689208984375, 240.72206115722656]], [[193.27577209472656, 190.49139404296875, 310.9864807128906], [20.519086837768555, 219.33541870117188, 350.9758605957031], [188.1023712158203, 343.2462463378906, 216.56619262695312]], [[182.27137756347656, 190.24542236328125, 305.5196228027344], [9.874106407165527, 218.7219696044922, 347.2840576171875], [176.1806640625, 343.6746520996094, 212.25457763671875]], [[174.41696166992188, 190.60919189453125, 320.18389892578125], [4.308988571166992, 219.2052001953125, 370.39892578125], [165.8654022216797, 347.13818359375, 232.42544555664062]], [[175.35165405273438, 195.5758056640625, 329.6785583496094], [8.506301879882812, 226.48092651367188, 388.69976806640625], [166.3743896484375, 354.7150573730469, 246.79246520996094]], [[196.0684356689453, 225.2315673828125, 335.9463806152344], [33.61119079589844, 258.3680114746094, 405.12457275390625], [186.79547119140625, 387.1405944824219, 258.64520263671875]], [[198.4751434326172, 220.80067443847656, 338.0248107910156], [41.616188049316406, 257.2478942871094, 417.6669616699219], [190.4686279296875, 385.24969482421875, 266.1331481933594]], [[204.46270751953125, 211.87757873535156, 363.1654052734375], [51.82540512084961, 250.5938262939453, 449.6460876464844], [198.2577362060547, 378.1463623046875, 295.3997802734375]], [[196.53012084960938, 216.93618774414062, 371.5377197265625], [46.5069465637207, 254.5380096435547, 462.9442443847656], [190.15518188476562, 385.0777282714844, 308.5791931152344]], [[198.46600341796875, 221.04638671875, 364.260986328125], [48.47290802001953, 257.3116455078125, 456.2550354003906], [191.3151397705078, 389.6712646484375, 302.69390869140625]], [[204.51455688476562, 221.93331909179688, 332.48663330078125], [52.48548889160156, 257.2967834472656, 421.4393615722656], [195.71649169921875, 389.38885498046875, 268.010009765625]], [[206.67898559570312, 213.28811645507812, 297.4799499511719], [48.96682357788086, 249.58456420898438, 375.4892272949219], [197.6478729248047, 376.4542541503906, 222.8391876220703]], [[205.10755920410156, 206.67799377441406, 282.74334716796875], [44.08945083618164, 243.09878540039062, 353.61431884765625], [196.5614776611328, 367.1271667480469, 202.37527465820312]], [[192.4267578125, 200.713134765625, 250.60833740234375], [29.68243980407715, 236.50331115722656, 317.7600402832031], [183.3657684326172, 359.3583679199219, 166.78961181640625]], [[186.32066345214844, 192.62391662597656, 